{
    "total_runtime": 187.8662142753601,
    "num_documents": 1,
    "input_load_time": 0,
    "workflows": {
        "create_base_text_units": {
            "overall": 3.3934812545776367,
            "0_orderby": 0.015772581100463867,
            "1_zip": 0.014362573623657227,
            "2_aggregate_override": 0.023157835006713867,
            "3_chunk": 3.2501258850097656,
            "4_select": 0.012100934982299805,
            "5_unroll": 0.021645069122314453,
            "6_rename": 0.00714421272277832,
            "7_genid": 0.0069429874420166016,
            "8_unzip": 0.006920337677001953,
            "9_copy": 0.006493568420410156,
            "10_filter": 0.025363683700561523
        },
        "create_base_extracted_entities": {
            "overall": 135.21129655838013,
            "0_entity_extract": 135.13668131828308,
            "1_snapshot": 0.020694732666015625,
            "2_merge_graphs": 0.027634382247924805,
            "3_snapshot_rows": 0.01885223388671875
        },
        "create_summarized_entities": {
            "overall": 17.48294949531555,
            "0_summarize_descriptions": 17.451062202453613,
            "1_snapshot_rows": 0.013727426528930664
        },
        "create_base_entity_graph": {
            "overall": 0.10800457000732422,
            "0_cluster_graph": 0.04351449012756348,
            "1_snapshot_rows": 0.01578354835510254,
            "2_snapshot_rows": 0.016071557998657227,
            "3_select": 0.017191171646118164
        },
        "create_final_entities": {
            "overall": 6.837896108627319,
            "0_unpack_graph": 0.021588802337646484,
            "1_rename": 0.018758296966552734,
            "2_select": 0.020709514617919922,
            "3_dedupe": 0.025674104690551758,
            "4_rename": 0.021286487579345703,
            "5_filter": 0.04541778564453125,
            "6_text_split": 0.022026777267456055,
            "7_drop": 0.022734403610229492,
            "8_merge": 0.035097360610961914,
            "9_text_embed": 6.530332803726196,
            "10_drop": 0.015304088592529297,
            "11_filter": 0.04074835777282715
        },
        "create_final_nodes": {
            "overall": 0.34876346588134766,
            "0_layout_graph": 0.027223825454711914,
            "1_unpack_graph": 0.020402908325195312,
            "2_unpack_graph": 0.01898789405822754,
            "3_drop": 0.017789363861083984,
            "4_filter": 0.0405271053314209,
            "5_select": 0.023148536682128906,
            "6_snapshot": 0.01927351951599121,
            "7_rename": 0.01854681968688965,
            "8_join": 0.04008769989013672,
            "9_convert": 0.08718657493591309,
            "10_rename": 0.019008874893188477
        },
        "create_final_communities": {
            "overall": 0.5063827037811279,
            "0_unpack_graph": 0.022777318954467773,
            "1_unpack_graph": 0.02342534065246582,
            "2_aggregate_override": 0.03887772560119629,
            "3_join": 0.03116130828857422,
            "4_join": 0.028017282485961914,
            "5_concat": 0.023128986358642578,
            "6_filter": 0.0857243537902832,
            "7_aggregate_override": 0.02731490135192871,
            "8_join": 0.04007220268249512,
            "9_filter": 0.051873207092285156,
            "10_fill": 0.023988008499145508,
            "11_merge": 0.031785011291503906,
            "12_copy": 0.027424097061157227,
            "13_select": 0.027801990509033203
        },
        "join_text_units_to_entity_ids": {
            "overall": 0.13263368606567383,
            "0_select": 0.0296783447265625,
            "1_unroll": 0.03144407272338867,
            "2_aggregate_override": 0.030635356903076172
        },
        "create_final_relationships": {
            "overall": 0.3755924701690674,
            "0_unpack_graph": 0.029522180557250977,
            "1_filter": 0.06039834022521973,
            "2_rename": 0.029677391052246094,
            "3_filter": 0.06184506416320801,
            "4_drop": 0.02944636344909668,
            "5_compute_edge_combined_degree": 0.03466081619262695,
            "6_convert": 0.07466292381286621,
            "7_convert": 0.02710890769958496
        },
        "join_text_units_to_relationship_ids": {
            "overall": 0.21518778800964355,
            "0_select": 0.033222198486328125,
            "1_unroll": 0.03665733337402344,
            "2_aggregate_override": 0.03980064392089844,
            "3_select": 0.07501602172851562
        },
        "create_final_community_reports": {
            "overall": 14.632776260375977,
            "0_prepare_community_reports_nodes": 0.0346677303314209,
            "1_prepare_community_reports_edges": 0.038909912109375,
            "2_restore_community_hierarchy": 0.040032386779785156,
            "3_prepare_community_reports": 0.09294009208679199,
            "4_create_community_reports": 14.332127094268799,
            "5_window": 0.06001901626586914
        },
        "create_final_text_units": {
            "overall": 0.6307892799377441,
            "0_select": 0.08450889587402344,
            "1_rename": 0.05641961097717285,
            "2_join": 0.07098555564880371,
            "3_join": 0.09274673461914062,
            "4_aggregate_override": 0.18187928199768066,
            "5_select": 0.08232378959655762
        },
        "create_base_documents": {
            "overall": 0.4432804584503174,
            "0_unroll": 0.04048871994018555,
            "1_select": 0.03968167304992676,
            "2_rename": 0.039937496185302734,
            "3_join": 0.05384182929992676,
            "4_aggregate_override": 0.06046152114868164,
            "5_join": 0.04870247840881348,
            "6_rename": 0.03988194465637207,
            "7_convert": 0.07937049865722656
        },
        "create_final_documents": {
            "overall": 0.09341216087341309,
            "0_rename": 0.03933000564575195
        }
    }
}