{
    "total_runtime": 1655.334519147873,
    "num_documents": 454,
    "input_load_time": 0,
    "workflows": {
        "create_base_text_units": {
            "overall": 1.3960895538330078,
            "0_orderby": 0.0062847137451171875,
            "1_zip": 0.012592077255249023,
            "2_aggregate_override": 0.0239255428314209,
            "3_chunk": 1.2523343563079834,
            "4_select": 0.00839543342590332,
            "5_unroll": 0.007576704025268555,
            "6_rename": 0.005865573883056641,
            "7_genid": 0.026974201202392578,
            "8_unzip": 0.007668733596801758,
            "9_copy": 0.006530284881591797,
            "10_filter": 0.03304338455200195
        },
        "create_base_extracted_entities": {
            "overall": 2.2139880657196045,
            "0_entity_extract": 1.797168254852295,
            "1_snapshot": 0.06147956848144531,
            "2_merge_graphs": 0.33362412452697754,
            "3_snapshot_rows": 0.014149665832519531
        },
        "create_summarized_entities": {
            "overall": 34.881815671920776,
            "0_summarize_descriptions": 34.853265047073364,
            "1_snapshot_rows": 0.019901037216186523
        },
        "create_base_entity_graph": {
            "overall": 1.0304579734802246,
            "0_cluster_graph": 0.9652824401855469,
            "1_snapshot_rows": 0.01688408851623535,
            "2_snapshot_rows": 0.016033649444580078,
            "3_select": 0.011561155319213867
        },
        "create_final_entities": {
            "overall": 6.076873540878296,
            "0_unpack_graph": 0.2684454917907715,
            "1_rename": 0.01926398277282715,
            "2_select": 0.02178168296813965,
            "3_dedupe": 0.02951955795288086,
            "4_rename": 0.014094114303588867,
            "5_filter": 0.04877924919128418,
            "6_text_split": 0.03398489952087402,
            "7_drop": 0.01300954818725586,
            "8_merge": 0.4170541763305664,
            "9_text_embed": 5.12420129776001,
            "10_drop": 0.015036344528198242,
            "11_filter": 0.059690237045288086
        },
        "create_final_nodes": {
            "overall": 2.827507734298706,
            "0_layout_graph": 1.316093921661377,
            "1_unpack_graph": 0.6815555095672607,
            "2_unpack_graph": 0.2571244239807129,
            "3_filter": 0.14067625999450684,
            "4_drop": 0.029040098190307617,
            "5_select": 0.030594825744628906,
            "6_snapshot": 0.03471016883850098,
            "7_rename": 0.04294872283935547,
            "8_join": 0.08271670341491699,
            "9_convert": 0.16043519973754883,
            "10_rename": 0.035809993743896484
        },
        "create_final_communities": {
            "overall": 3.1147172451019287,
            "0_unpack_graph": 0.5794568061828613,
            "1_unpack_graph": 1.0092036724090576,
            "2_aggregate_override": 0.0503079891204834,
            "3_join": 0.06646323204040527,
            "4_join": 0.063690185546875,
            "5_concat": 0.03900408744812012,
            "6_filter": 0.8603031635284424,
            "7_aggregate_override": 0.0593562126159668,
            "8_join": 0.0449833869934082,
            "9_filter": 0.07928133010864258,
            "10_fill": 0.03979301452636719,
            "11_merge": 0.09017086029052734,
            "12_copy": 0.03836512565612793,
            "13_select": 0.044283390045166016
        },
        "join_text_units_to_entity_ids": {
            "overall": 0.29407668113708496,
            "0_select": 0.044409990310668945,
            "1_unroll": 0.04932546615600586,
            "2_aggregate_override": 0.16352462768554688
        },
        "create_final_relationships": {
            "overall": 1.3119139671325684,
            "0_unpack_graph": 0.5225422382354736,
            "1_filter": 0.25243043899536133,
            "2_rename": 0.04721879959106445,
            "3_filter": 0.1854856014251709,
            "4_drop": 0.05642580986022949,
            "5_compute_edge_combined_degree": 0.07686734199523926,
            "6_convert": 0.08771300315856934,
            "7_convert": 0.04432320594787598
        },
        "join_text_units_to_relationship_ids": {
            "overall": 0.27652716636657715,
            "0_select": 0.055877685546875,
            "1_unroll": 0.050696611404418945,
            "2_aggregate_override": 0.06387734413146973,
            "3_select": 0.059533119201660156
        },
        "create_final_community_reports": {
            "overall": 1593.0768883228302,
            "0_prepare_community_reports_nodes": 0.1935267448425293,
            "1_prepare_community_reports_edges": 0.06995368003845215,
            "2_restore_community_hierarchy": 0.07267475128173828,
            "3_prepare_community_reports": 1.1518490314483643,
            "4_create_community_reports": 1591.4689881801605,
            "5_window": 0.07001972198486328
        },
        "create_final_text_units": {
            "overall": 0.26419806480407715,
            "0_select": 0.03470969200134277,
            "1_rename": 0.033921241760253906,
            "2_join": 0.04236483573913574,
            "3_join": 0.040683746337890625,
            "4_aggregate_override": 0.04161214828491211,
            "5_select": 0.03490471839904785
        },
        "create_base_documents": {
            "overall": 0.487684965133667,
            "0_unroll": 0.038016557693481445,
            "1_select": 0.03687715530395508,
            "2_rename": 0.03921175003051758,
            "3_join": 0.04439282417297363,
            "4_aggregate_override": 0.05181384086608887,
            "5_join": 0.0595095157623291,
            "6_rename": 0.0375361442565918,
            "7_convert": 0.14557933807373047
        },
        "create_final_documents": {
            "overall": 0.08151698112487793,
            "0_rename": 0.04248929023742676
        }
    }
}